name,city,country,address,latitude,longitude,website,phone,email,description,instagramUrl,twitterUrl,linkedinUrl,facebookUrl,hotDeskPrice,dedicatedDeskPrice,privateOfficePrice,pricingCurrency,amenities,images,source,sourceId,featured,verified
WeWork Times Square,New York,USA,"1460 Broadway, New York, NY 10036",40.7589,-73.9851,https://www.wework.com/buildings/times-square--new-york--NY,+1-212-555-0100,,Premium coworking space in the heart of Times Square with stunning city views and modern amenities,,,,,450,650,1200,USD,"High-Speed WiFi,Coffee Bar,Meeting Rooms,24/7 Access,Phone Booths,Printing Services,Event Space,Kitchen","https://images.unsplash.com/photo-1497366216548-37526070297c,https://images.unsplash.com/photo-1497366811353-6870744d04b2",Manual,wework-times-square,1,1
WeWork Bryant Park,New York,USA,"7 W 34th St, New York, NY 10001",40.7506,-73.9881,https://www.wework.com/buildings/bryant-park--new-york--NY,+1-212-555-0101,,Beautiful coworking space near Bryant Park with excellent natural light,,,,,425,625,1150,USD,"High-Speed WiFi,Coffee Bar,Meeting Rooms,24/7 Access,Phone Booths,Printing Services,Event Space",https://images.unsplash.com/photo-1497366811353-6870744d04b2,Manual,wework-bryant-park,,1
Regus Empire State Building,New York,USA,"350 Fifth Avenue, Suite 5935, New York, NY 10118",40.7484,-73.9857,https://www.regus.com/en-us/united-states/new-york/new-york-empire-state-building,+1-212-555-0200,,Prestigious office space in the iconic Empire State Building,,,,,500,700,1500,USD,"High-Speed WiFi,Meeting Rooms,Reception,Phone Booths,Printing Services,Admin Support",https://images.unsplash.com/photo-1497366754035-f200968a6e72,Manual,regus-empire-state,1,1
The Wing Soho,New York,USA,"52 Mercer St, New York, NY 10013",40.7236,-73.9991,https://www.the-wing.com,,,"Women-focused coworking and community space in trendy Soho with beautiful design",,,,,500,700,1300,USD,"High-Speed WiFi,Coffee Bar,Wellness Room,Beauty Room,Meeting Rooms,Phone Booths,Showers,Lounge Area",https://images.unsplash.com/photo-1524758631624-e2822e304c36,Manual,wing-soho,,1
Spaces Brooklyn,New York,USA,"594 Broadway, Brooklyn, NY 11211",40.7081,-73.9571,https://www.spacesworks.com,+1-718-555-0100,,Creative coworking space in trendy Williamsburg with rooftop terrace,,,,,380,550,1100,USD,"High-Speed WiFi,Coffee Bar,Meeting Rooms,Outdoor Space,Bike Storage,Event Space,Kitchen",https://images.unsplash.com/photo-1497366216548-37526070297c,Manual,spaces-brooklyn,,1
WeWork SOMA,San Francisco,USA,"535 Mission St, San Francisco, CA 94105",37.7886,-122.3988,https://www.wework.com/buildings/535-mission-street--san-francisco--CA,+1-415-555-0100,,Modern coworking space in SOMA with tech startup community,,,,,550,750,1400,USD,"High-Speed WiFi,Coffee Bar,Meeting Rooms,24/7 Access,Phone Booths,Printing Services,Event Space,Bike Storage",https://images.unsplash.com/photo-1497366216548-37526070297c,Manual,wework-soma-sf,1,1
Galvanize San Francisco,San Francisco,USA,"44 Tehama St, San Francisco, CA 94105",37.7876,-122.3965,https://www.galvanize.com/san-francisco,,,"Tech-focused coworking and education space in SOMA district",,,,,450,650,1250,USD,"High-Speed WiFi,Coffee Bar,Meeting Rooms,Event Space,Kitchen,Podcast Studio,Gym Access",https://images.unsplash.com/photo-1504384308090-c894fdcc538d,Manual,galvanize-sf,1,1
The Vault SF,San Francisco,USA,"415 Jackson St, San Francisco, CA 94111",37.7962,-122.4025,https://www.thevaultsf.com,+1-415-555-0200,,"Historic bank vault transformed into unique coworking space in Financial District",,,,,480,680,1300,USD,"High-Speed WiFi,Meeting Rooms,Phone Booths,Printing Services,Kitchen,Historic Architecture",https://images.unsplash.com/photo-1497366811353-6870744d04b2,Manual,vault-sf,,1
Sandbox Suites,San Francisco,USA,"301 Howard St, San Francisco, CA 94105",37.7895,-122.3951,https://www.sandboxsuites.com,+1-415-555-0300,,Premium coworking with private offices and startup focus in SOMA,,,,,520,720,1450,USD,"High-Speed WiFi,Coffee Bar,Meeting Rooms,24/7 Access,Reception,Mail Handling,Parking",https://images.unsplash.com/photo-1497366754035-f200968a6e72,Manual,sandbox-sf,,1
WeWork Chancery Lane,London,UK,"7-10 Chandos Street, London W1G 9DQ",51.5158,-0.1249,https://www.wework.com/en-GB/buildings/chancery-lane--london,+44-20-5555-0100,,Historic building transformed into modern workspace in central London,,,,,350,500,900,GBP,"High-Speed WiFi,Coffee Bar,Meeting Rooms,Reception,Phone Booths,Printing Services,Event Space",https://images.unsplash.com/photo-1497366811353-6870744d04b2,Manual,wework-chancery-london,1,1
Second Home Spitalfields,London,UK,"68-80 Hanbury St, London E1 5JL",51.5197,-0.0716,https://www.secondhome.io/location/spitalfields,+44-20-5555-0200,,"Beautiful plant-filled coworking space designed for creatives in East London",,,,,380,550,1000,GBP,"High-Speed WiFi,Coffee Bar,Meeting Rooms,Outdoor Space,Event Space,Plants,Kitchen",https://images.unsplash.com/photo-1524758631624-e2822e304c36,Manual,secondhome-spitalfields,1,1
Huckletree Shoreditch,London,UK,"18 Finsbury Sq, London EC2A 1AH",51.5203,-0.0850,https://www.huckletree.com/shoreditch,+44-20-5555-0300,,"Innovation-focused coworking space for tech companies and startups",,,,,360,520,950,GBP,"High-Speed WiFi,Coffee Bar,Meeting Rooms,Phone Booths,Event Space,Podcast Studio",https://images.unsplash.com/photo-1497366216548-37526070297c,Manual,huckletree-shoreditch,,1
The Trampery Old Street,London,UK,"239 Old St, London EC1V 9EY",51.5252,-0.0867,https://www.thetrampery.com,+44-20-5555-0400,,"Community-driven coworking supporting social enterprises and startups",,,,,320,480,880,GBP,"High-Speed WiFi,Meeting Rooms,Event Space,Kitchen,Lounge Area",https://images.unsplash.com/photo-1497366811353-6870744d04b2,Manual,trampery-oldstreet,,1
betahaus Berlin,Berlin,Germany,"Prinzessinnenstr. 19-20, 10969 Berlin",52.5025,13.4105,https://www.betahaus.com/berlin,+49-30-5555-0100,,"Iconic Berlin coworking space fostering creative collaboration since 2009",,,,,280,420,780,EUR,"High-Speed WiFi,Coffee Bar,Meeting Rooms,Event Space,Bike Storage,Workshop Space,Kitchen",https://images.unsplash.com/photo-1497366216548-37526070297c,Manual,betahaus-berlin,1,1
Factory Berlin,Berlin,Germany,"Rheinsberger Str. 76/77, 10115 Berlin",52.5320,13.3822,https://www.factoryberlin.com,+49-30-5555-0200,,"Premium tech community and coworking space in restored factory building",,,,,350,500,950,EUR,"High-Speed WiFi,Coffee Bar,Meeting Rooms,24/7 Access,Event Space,Gym Access,Rooftop Terrace",https://images.unsplash.com/photo-1504384308090-c894fdcc538d,Manual,factory-berlin,1,1
St. Oberholz,Berlin,Germany,"Rosenthaler Str. 72a, 10119 Berlin",52.5262,13.4016,https://www.sanktoberholz.de,+49-30-5555-0300,,"Historic cafe and coworking space in vibrant Mitte district",,,,,250,380,720,EUR,"High-Speed WiFi,Cafe,Meeting Rooms,Lounge Area,Event Space",https://images.unsplash.com/photo-1497366811353-6870744d04b2,Manual,oberholz-berlin,,1
ahoy! Berlin,Berlin,Germany,"Wattstraße 11, 13355 Berlin",52.5438,13.3753,https://www.ahoyberlin.com,+49-30-5555-0400,,"Large creative campus with coworking in Wedding district",,,,,270,400,750,EUR,"High-Speed WiFi,Coffee Bar,Meeting Rooms,Event Space,Outdoor Space,Workshop Space",https://images.unsplash.com/photo-1497366754035-f200968a6e72,Manual,ahoy-berlin,,1
JustCo Singapore Marina,Singapore,Singapore,"9 Straits View, Marina One West Tower",1.2784,103.8535,https://www.justco.com,+65-5555-0100,,"Premium flexible workspace in iconic Marina Bay with harbor views",,,,,420,600,1150,SGD,"High-Speed WiFi,Coffee Bar,Meeting Rooms,24/7 Access,Phone Booths,Event Space,Wellness Room",https://images.unsplash.com/photo-1497366216548-37526070297c,Manual,justco-marina,1,1
The Working Capitol,Singapore,Singapore,"1 Keong Saik Rd, Singapore 089109",1.2790,103.8435,https://www.theworkingcapitol.com,+65-5555-0200,,"Boutique coworking in heritage shophouse with local charm",,,,,380,550,1050,SGD,"High-Speed WiFi,Coffee Bar,Meeting Rooms,Rooftop Terrace,Event Space,Bar",https://images.unsplash.com/photo-1524758631624-e2822e304c36,Manual,workingcapitol-sg,1,1
WeWork Beach Centre,Singapore,Singapore,"15 Beach Rd, Singapore 189677",1.2960,103.8546,https://www.wework.com,+65-5555-0300,,"Modern coworking in prime CBD location near Marina Bay",,,,,450,650,1250,SGD,"High-Speed WiFi,Coffee Bar,Meeting Rooms,24/7 Access,Phone Booths,Printing Services,Event Space",https://images.unsplash.com/photo-1497366811353-6870744d04b2,Manual,wework-beach-sg,,1
WeWork Shibuya,Tokyo,Japan,"1-2-20 Shibuya, Shibuya-ku, Tokyo",35.6595,139.7004,https://www.wework.com/ja-JP/buildings/shibuya--tokyo,+81-3-5555-0100,,Modern workspace in the heart of vibrant Shibuya crossing area,,,,,380,550,1050,JPY,"High-Speed WiFi,Coffee Bar,Meeting Rooms,24/7 Access,Phone Booths,Event Space",https://images.unsplash.com/photo-1497366216548-37526070297c,Manual,wework-shibuya-tokyo,1,1
Fabbit Roppongi,Tokyo,Japan,"7-20-12 Roppongi, Minato-ku, Tokyo",35.6627,139.7293,https://www.fabbit.co.jp,+81-3-5555-0200,,"Startup-focused coworking in international Roppongi district",,,,,340,500,950,JPY,"High-Speed WiFi,Meeting Rooms,Event Space,Kitchen,Lounge Area",https://images.unsplash.com/photo-1504384308090-c894fdcc538d,Manual,fabbit-roppongi,,1
the SNACK,Tokyo,Japan,"2-3-4 Azabujuban, Minato-ku, Tokyo",35.6549,139.7375,https://www.thesnack.jp,+81-3-5555-0300,,"Creative coworking with cafe atmosphere in trendy Azabu area",,,,,320,480,900,JPY,"High-Speed WiFi,Cafe,Meeting Rooms,Event Space,Outdoor Space",https://images.unsplash.com/photo-1497366811353-6870744d04b2,Manual,snack-tokyo,,1
Anticafe Marais,Paris,France,"79 Rue Quincampoix, 75003 Paris",48.8628,2.3509,https://www.anticafe.eu/marais,+33-1-5555-0100,,"Pay-per-minute cafe and coworking in historic Marais district",,,,,8,12,25,EUR,"High-Speed WiFi,Unlimited Coffee,Meeting Rooms,Lounge Area,Games",https://images.unsplash.com/photo-1524758631624-e2822e304c36,Manual,anticafe-marais,1,1
Numa Paris Sentier,Paris,France,"24 Rue du Sentier, 75002 Paris",48.8686,2.3458,https://www.numahq.com,+33-1-5555-0200,,"Modern coworking in the historic newspaper district",,,,,350,500,950,EUR,"High-Speed WiFi,Coffee Bar,Meeting Rooms,Event Space,Kitchen",https://images.unsplash.com/photo-1497366216548-37526070297c,Manual,numa-sentier,,1
Spaces Jardin,Paris,France,"153 Bd Haussmann, 75008 Paris",48.8748,2.3131,https://www.spacesworks.com,+33-1-5555-0300,,"Elegant coworking near Champs-Élysées with Parisian charm",,,,,380,550,1050,EUR,"High-Speed WiFi,Coffee Bar,Meeting Rooms,24/7 Access,Terrace,Event Space",https://images.unsplash.com/photo-1497366811353-6870744d04b2,Manual,spaces-jardin,,1
B.Amsterdam West,Amsterdam,Netherlands,"Hamerstraat 3, 1021 JD Amsterdam",52.3905,4.8751,https://www.b-amsterdam.nl,+31-20-5555-0100,,"Vibrant startup hub and coworking in creative Noord district",,,,,290,420,800,EUR,"High-Speed WiFi,Coffee Bar,Meeting Rooms,Event Space,Bike Storage,Rooftop,Kitchen",https://images.unsplash.com/photo-1497366216548-37526070297c,Manual,bamsterdam-west,1,1
Spaces Vijzelstraat,Amsterdam,Netherlands,"Vijzelstraat 68-78, 1017 HL Amsterdam",52.3629,4.8927,https://www.spacesworks.com,+31-20-5555-0200,,"Central coworking space in canal ring with classic Amsterdam views",,,,,340,490,920,EUR,"High-Speed WiFi,Coffee Bar,Meeting Rooms,Phone Booths,Event Space,Bike Storage",https://images.unsplash.com/photo-1504384308090-c894fdcc538d,Manual,spaces-vijzel,,1
The Thinking Hut,Amsterdam,Netherlands,"Keizersgracht 62-64, 1015 CS Amsterdam",52.3745,4.8871,https://www.thinkinghut.com,+31-20-5555-0300,,"Boutique coworking in historic canal house in Jordaan",,,,,310,450,850,EUR,"High-Speed WiFi,Meeting Rooms,Canal Views,Kitchen,Lounge Area",https://images.unsplash.com/photo-1497366811353-6870744d04b2,Manual,thinkinghut-ams,,1
Astrolabs Dubai,Dubai,UAE,"Dubai Internet City, Building 13",25.0932,55.1684,https://www.astrolabs.com,+971-4-555-0100,,"Tech-focused coworking supporting MENA startups and entrepreneurs",,,,,400,580,1100,AED,"High-Speed WiFi,Coffee Bar,Meeting Rooms,24/7 Access,Event Space,Podcast Studio",https://images.unsplash.com/photo-1497366216548-37526070297c,Manual,astrolabs-dubai,1,1
The Bureau,Dubai,UAE,"Cluster I, JLT, Dubai",25.0711,55.1445,https://www.thebureau.ae,+971-4-555-0200,,"Modern coworking in Jumeirah Lakes Towers with community focus",,,,,380,550,1050,AED,"High-Speed WiFi,Coffee Bar,Meeting Rooms,Phone Booths,Event Space,Prayer Room",https://images.unsplash.com/photo-1524758631624-e2822e304c36,Manual,bureau-dubai,,1
MAKE Business Hub,Dubai,UAE,"Building 4, Dubai Design District",25.1918,55.2882,https://www.makebusinesshub.ae,+971-4-555-0300,,"Creative coworking in Dubai Design District supporting creative businesses",,,,,420,600,1150,AED,"High-Speed WiFi,Meeting Rooms,Event Space,Workshop Space,Terrace,Printing Services",https://images.unsplash.com/photo-1497366811353-6870744d04b2,Manual,make-dubai,,1
Fishburners Sydney,Sydney,Australia,"11 York St, Sydney NSW 2000",-33.8673,151.2068,https://fishburners.org,+61-2-5555-0100,,"Australia's largest startup community and coworking space in CBD",,,,,380,550,1050,AUD,"High-Speed WiFi,Coffee Bar,Meeting Rooms,Event Space,Mentorship,Workshops",https://images.unsplash.com/photo-1497366216548-37526070297c,Manual,fishburners-sydney,1,1
Tank Stream Labs,Sydney,Australia,"12-14 O'Connell St, Sydney NSW 2000",-33.8642,151.2103,https://tankstreamlabs.com,+61-2-5555-0200,,"Tech startup hub in heritage building in Sydney CBD",,,,,360,520,980,AUD,"High-Speed WiFi,Meeting Rooms,Event Space,Mentorship,Lounge Area",https://images.unsplash.com/photo-1504384308090-c894fdcc538d,Manual,tankstream-sydney,1,1
Hub Australia,Sydney,Australia,"50 York St, Sydney NSW 2000",-33.8672,151.2063,https://www.hubaustralia.com,+61-2-5555-0300,,"Premium coworking with focus on sustainability and community",,,,,400,580,1100,AUD,"High-Speed WiFi,Coffee Bar,Meeting Rooms,24/7 Access,Wellness Room,Event Space",https://images.unsplash.com/photo-1497366811353-6870744d04b2,Manual,hub-sydney,,1
MaRS Discovery District,Toronto,Canada,"101 College St, Toronto, ON M5G 1L7",43.6596,-79.3896,https://www.marsdd.com,+1-416-673-6557,,"Canada's largest urban innovation hub supporting tech and science ventures",,,,,350,500,950,CAD,"High-Speed WiFi,Coffee Bar,Meeting Rooms,Event Space,Labs,Mentorship",https://images.unsplash.com/photo-1497366216548-37526070297c,Manual,mars-toronto,1,1
WeWork Richmond Adelaide,Toronto,Canada,"180 John St, Toronto, ON M5T 1X5",43.6491,-79.3897,https://www.wework.com,+1-416-555-0200,,Modern coworking in Entertainment District with startup community,,,,,380,550,1050,CAD,"High-Speed WiFi,Coffee Bar,Meeting Rooms,24/7 Access,Phone Booths,Event Space",https://images.unsplash.com/photo-1524758631624-e2822e304c36,Manual,wework-richmond-toronto,,1
The Workplace One,Toronto,Canada,"1 Yonge St, Toronto, ON M5E 1W7",43.6427,-79.3768,https://www.workplaceone.com,+1-416-555-0300,,"Executive coworking with premium amenities at PATH entrance",,,,,420,600,1150,CAD,"High-Speed WiFi,Coffee Bar,Meeting Rooms,Reception,Concierge,Lake Views",https://images.unsplash.com/photo-1497366811353-6870744d04b2,Manual,workplaceone-toronto,,1
SUP46,Stockholm,Sweden,"Regeringsgatan 65, 111 56 Stockholm",59.3364,18.0625,https://www.sup46.com,+46-8-5555-0100,,"Sweden's leading tech startup hub in central Stockholm",,,,,320,460,880,SEK,"High-Speed WiFi,Coffee Bar,Meeting Rooms,Event Space,Mentorship,Workshops",https://images.unsplash.com/photo-1497366216548-37526070297c,Manual,sup46-stockholm,1,1
Impact Hub Stockholm,Stockholm,Sweden,"Luntmakargatan 25, 111 37 Stockholm",59.3383,18.0639,https://stockholm.impacthub.net,+46-8-5555-0200,,"Global network space supporting social entrepreneurs in Stockholm",,,,,290,420,800,SEK,"High-Speed WiFi,Meeting Rooms,Event Space,Community Kitchen,Sustainability Focus",https://images.unsplash.com/photo-1504384308090-c894fdcc538d,Manual,impacthub-stockholm,1,1
United Spaces Kungsgatan,Stockholm,Sweden,"Kungsgatan 36, 111 35 Stockholm",59.3340,18.0617,https://unitedspaces.se,+46-8-5555-0300,,"Premium flexible workspace on Stockholm's main shopping street",,,,,340,490,920,SEK,"High-Speed WiFi,Coffee Bar,Meeting Rooms,24/7 Access,Event Space,Lounge Area",https://images.unsplash.com/photo-1497366811353-6870744d04b2,Manual,unitedspaces-stockholm,,1
WeWork Austin Domain,Austin,USA,"11601 Domain Dr, Austin, TX 78758",30.4008,-97.7209,https://www.wework.com,+1-512-555-0100,,Tech-focused coworking in Austin's Domain district with startup energy,,,,,420,600,1150,USD,"High-Speed WiFi,Coffee Bar,Meeting Rooms,24/7 Access,Event Space,Bike Storage,Podcast Studio",https://images.unsplash.com/photo-1497366216548-37526070297c,Manual,wework-austin-domain,1,1
Capital Factory,Austin,USA,"701 Brazos St, Austin, TX 78701",30.2686,-97.7431,https://www.capitalfactory.com,+1-512-555-0200,,"Legendary Austin startup hub and accelerator with coworking",,,,,380,550,1050,USD,"High-Speed WiFi,Meeting Rooms,Event Space,Mentorship,Pitch Room,Rooftop",https://images.unsplash.com/photo-1504384308090-c894fdcc538d,Manual,capitalfactory-austin,1,1
Link Coworking,Austin,USA,"601 W 26th St, Austin, TX 78705",30.2954,-97.7489,https://linkcoworking.com,+1-512-555-0300,,Community-driven coworking near UT Austin campus,,,,,320,480,900,USD,"High-Speed WiFi,Coffee Bar,Meeting Rooms,Outdoor Space,Community Events",https://images.unsplash.com/photo-1497366811353-6870744d04b2,Manual,link-austin,,1
WeWork Miami Beach,Miami,USA,"1 Lincoln Rd, Miami Beach, FL 33139",25.7907,-80.1300,https://www.wework.com,+1-305-555-0100,,Premium oceanside coworking on iconic Lincoln Road,,,,,480,680,1300,USD,"High-Speed WiFi,Coffee Bar,Meeting Rooms,24/7 Access,Ocean Views,Terrace",https://images.unsplash.com/photo-1497366216548-37526070297c,Manual,wework-miami-beach,1,1
The LAB Miami,Miami,USA,"400 NW 26th St, Miami, FL 33127",25.8018,-80.1987,https://thelabmiami.com,+1-305-555-0200,,Creative coworking in Wynwood Arts District,,,,,360,520,980,USD,"High-Speed WiFi,Meeting Rooms,Art Gallery,Event Space,Rooftop,Bar",https://images.unsplash.com/photo-1524758631624-e2822e304c36,Manual,lab-miami,1,1
Pipeline Brickell,Miami,USA,"1101 Brickell Ave, Miami, FL 33131",25.7617,-80.1918,https://www.pipelineworkspaces.com,+1-305-555-0300,,Modern coworking in Miami's financial district,,,,,420,600,1150,USD,"High-Speed WiFi,Coffee Bar,Meeting Rooms,24/7 Access,Event Space",https://images.unsplash.com/photo-1497366811353-6870744d04b2,Manual,pipeline-brickell,,1
WeWork Chicago Fulton Market,Chicago,USA,"220 N Green St, Chicago, IL 60607",41.8858,-87.6489,https://www.wework.com,+1-312-555-0100,,Industrial-chic coworking in trendy Fulton Market,,,,,400,580,1100,USD,"High-Speed WiFi,Coffee Bar,Meeting Rooms,24/7 Access,Event Space,Bike Storage",https://images.unsplash.com/photo-1497366216548-37526070297c,Manual,wework-chicago-fulton,1,1
1871 Chicago,Chicago,USA,"222 Merchandise Mart Plaza, Chicago, IL 60654",41.8882,-87.6356,https://www.1871.com,+1-312-555-0200,,"Chicago's premier tech hub and startup incubator",,,,,380,550,1050,USD,"High-Speed WiFi,Meeting Rooms,Event Space,Mentorship,Workshops,River Views",https://images.unsplash.com/photo-1504384308090-c894fdcc538d,Manual,1871-chicago,1,1
The Coop,Chicago,USA,"~~5 W Monroe St, Chicago, IL 60603",41.8806,-87.6287,https://www.thecoopchicago.com,+1-312-555-0300,,Professional coworking in Chicago Loop with networking focus,,,,,360,520,980,USD,"High-Speed WiFi,Meeting Rooms,Event Space,Lounge Area,Kitchen",https://images.unsplash.com/photo-1497366811353-6870744d04b2,Manual,coop-chicago,,1
WeWork Seattle South Lake Union,Seattle,USA,"500 Yale Ave N, Seattle, WA 98109",47.6235,-122.3301,https://www.wework.com,+1-206-555-0100,,Modern workspace in Seattle's tech hub near Amazon HQ,,,,,450,650,1250,USD,"High-Speed WiFi,Coffee Bar,Meeting Rooms,24/7 Access,Lake Views,Bike Storage",https://images.unsplash.com/photo-1497366216548-37526070297c,Manual,wework-seattle-slu,1,1
Galvanize Seattle,Seattle,USA,"44 Union St, Seattle, WA 98101",47.6088,-122.3373,https://www.galvanize.com,+1-206-555-0200,,Tech education and coworking space in Pioneer Square,,,,,420,600,1150,USD,"High-Speed WiFi,Coffee Bar,Meeting Rooms,Event Space,Classrooms",https://images.unsplash.com/photo-1504384308090-c894fdcc538d,Manual,galvanize-seattle,1,1
WeWork Boston Seaport,Boston,USA,"50 Seaport Blvd, Boston, MA 02210",42.3527,-71.0445,https://www.wework.com,+1-617-555-0100,,Waterfront coworking in Boston's Innovation District,,,,,460,660,1280,USD,"High-Speed WiFi,Coffee Bar,Meeting Rooms,24/7 Access,Harbor Views,Event Space",https://images.unsplash.com/photo-1497366216548-37526070297c,Manual,wework-boston-seaport,1,1
CIC Boston,Boston,USA,"50 Milk St, Boston, MA 02109",42.3577,-71.0556,https://cic.com,+1-617-555-0200,,"Largest coworking and innovation campus in Boston",,,,,400,580,1100,USD,"High-Speed WiFi,Meeting Rooms,Event Space,Labs,Cafeteria,Venture Services",https://images.unsplash.com/photo-1504384308090-c894fdcc538d,Manual,cic-boston,1,1
WeWork LA Arts District,Los Angeles,USA,"800 E 3rd St, Los Angeles, CA 90013",34.0442,-118.2348,https://www.wework.com,+1-213-555-0100,,Creative coworking in LA's vibrant Arts District,,,,,440,640,1220,USD,"High-Speed WiFi,Coffee Bar,Meeting Rooms,24/7 Access,Rooftop,Event Space",https://images.unsplash.com/photo-1497366216548-37526070297c,Manual,wework-la-arts,1,1
Cross Campus,Los Angeles,USA,"820 Broadway, Santa Monica, CA 90401",34.0143,-118.4965,https://www.crosscamp us.com,+1-310-555-0200,,Santa Monica coworking with beach vibes and tech community,,,,,420,600,1150,USD,"High-Speed WiFi,Coffee Bar,Meeting Rooms,Event Space,Outdoor Lounge",https://images.unsplash.com/photo-1524758631624-e2822e304c36,Manual,cross-campus-la,1,1
The Yard Columbus Circle,New York,USA,"157 Columbus Ave, New York, NY 10023",40.7742,-73.9819,https://theyard.com,+1-212-555-0300,,Boutique coworking near Central Park West,,,,,460,660,1280,USD,"High-Speed WiFi,Coffee Bar,Meeting Rooms,Wellness Room,Event Space",https://images.unsplash.com/photo-1497366811353-6870744d04b2,Manual,yard-columbus,,1
Industrious Brooklyn,New York,USA,"25 Kent Ave, Brooklyn, NY 11249",40.7205,-73.9645,https://www.industriousoffice.com,+1-718-555-0400,,Premium coworking with waterfront views in Williamsburg,,,,,480,680,1300,USD,"High-Speed WiFi,Coffee Bar,Meeting Rooms,Reception,Phone Booths,Event Space",https://images.unsplash.com/photo-1497366216548-37526070297c,Manual,industrious-brooklyn,,1
Mindspace Hamburg,Hamburg,Germany,"Caffamacherreihe 5, 20355 Hamburg",53.5511,9.9937,https://www.mindspace.me,+49-40-5555-0100,,Design-led coworking in Hamburg city center,,,,,320,460,880,EUR,"High-Speed WiFi,Coffee Bar,Meeting Rooms,Event Space,Wellness Room",https://images.unsplash.com/photo-1524758631624-e2822e304c36,Manual,mindspace-hamburg,1,1
betahaus Hamburg,Hamburg,Germany,"Eifflerstraße 43, 22769 Hamburg",53.5566,9.9428,https://www.betahaus.com/hamburg,+49-40-5555-0200,,Creative coworking community in Altona,,,,,280,420,780,EUR,"High-Speed WiFi,Meeting Rooms,Workshop Space,Event Space,Kitchen",https://images.unsplash.com/photo-1497366811353-6870744d04b2,Manual,betahaus-hamburg,,1
Utopicus Madrid,Madrid,Spain,"Calle de Alcalá 21, 28014 Madrid",40.4194,-3.6996,https://www.utopicus.es,+34-91-555-0100,,Elegant coworking in historic Madrid building,,,,,340,490,920,EUR,"High-Speed WiFi,Coffee Bar,Meeting Rooms,24/7 Access,Event Space,Terrace",https://images.unsplash.com/photo-1497366216548-37526070297c,Manual,utopicus-madrid,1,1
Impact Hub Madrid,Madrid,Spain,"Calle de la Alameda 22, 28014 Madrid",40.4174,-3.7018,https://madrid.impacthub.net,+34-91-555-0200,,Social impact coworking community in Huertas,,,,,300,440,820,EUR,"High-Speed WiFi,Meeting Rooms,Event Space,Community Kitchen,Sustainability Focus",https://images.unsplash.com/photo-1504384308090-c894fdcc538d,Manual,impacthub-madrid,1,1
Talent Garden Barcelona,Barcelona,Spain,"Carrer de Pujades 102, 08005 Barcelona",41.3959,2.1923,https://talentgarden.org,+34-93-555-0100,,"Digital innovation campus and coworking in Poblenou",,,,,330,480,900,EUR,"High-Speed WiFi,Coffee Bar,Meeting Rooms,Event Space,Rooftop,Training",https://images.unsplash.com/photo-1524758631624-e2822e304c36,Manual,talent-barcelona,1,1
MOB Barcelona,Barcelona,Spain,"Carrer de Bailèn 11, 08010 Barcelona",41.3901,2.1705,https://www.mob-barcelona.com,+34-93-555-0200,,Maker-focused coworking with FabLab in Eixample,,,,,310,450,850,EUR,"High-Speed WiFi,Meeting Rooms,FabLab,Workshop Space,3D Printers,Laser Cutters",https://images.unsplash.com/photo-1497366811353-6870744d04b2,Manual,mob-barcelona,1,1
Spaces Barcelona,Barcelona,Spain,"Gran Via de les Corts Catalanes 159, 08014 Barcelona",41.3784,2.1564,https://www.spacesworks.com,+34-93-555-0300,,Modern coworking on Barcelona's main avenue,,,,,350,500,950,EUR,"High-Speed WiFi,Coffee Bar,Meeting Rooms,Event Space,Terrace",https://images.unsplash.com/photo-1497366216548-37526070297c,Manual,spaces-barcelona,,1
La Mutinerie,Paris,France,"176 Rue Oberkampf, 75011 Paris",48.8670,2.3822,https://lamutinerie.eu,+33-1-5555-0400,,Inclusive coworking space in vibrant Oberkampf,,,,,280,420,780,EUR,"High-Speed WiFi,Meeting Rooms,Event Space,Bar,Community Kitchen",https://images.unsplash.com/photo-1497366811353-6870744d04b2,Manual,mutinerie-paris,,1
Morning Coworking,Paris,France,"11 Rue Réaumur, 75003 Paris",48.8643,2.3565,https://morning.fr,+33-1-5555-0500,,"Premium coworking network with multiple Paris locations",,,,,360,520,980,EUR,"High-Speed WiFi,Coffee Bar,Meeting Rooms,Phone Booths,Event Space",https://images.unsplash.com/photo-1497366216548-37526070297c,Manual,morning-paris,,1
Cohome,Copenhagen,Denmark,"Folke Bernadottes Allé 7, 2100 Copenhagen",55.7023,12.5766,https://www.cohome.dk,+45-5555-0100,,Danish design meets coworking in Østerbro,,,,,380,550,1050,DKK,"High-Speed WiFi,Coffee Bar,Meeting Rooms,Event Space,Kitchen,Bike Parking",https://images.unsplash.com/photo-1524758631624-e2822e304c36,Manual,cohome-copenhagen,1,1
SOHO Copenhagen,Copenhagen,Denmark,"Frederiksborggade 15, 1360 Copenhagen",55.6836,12.5717,https://sohocopenhagen.com,+45-5555-0200,,Central coworking with Scandinavian minimalism,,,,,360,520,980,DKK,"High-Speed WiFi,Meeting Rooms,Lounge Area,Kitchen,Event Space",https://images.unsplash.com/photo-1497366811353-6870744d04b2,Manual,soho-copenhagen,,1
WeWork Tel Aviv,Tel Aviv,Israel,"1 Azrieli Center, Tel Aviv 6701101",32.0744,34.7925,https://www.wework.com,+972-3-5555-0100,,"Premium coworking in Tel Aviv's iconic Azrieli Towers",,,,,400,580,1100,ILS,"High-Speed WiFi,Coffee Bar,Meeting Rooms,24/7 Access,Event Space,City Views",https://images.unsplash.com/photo-1497366216548-37526070297c,Manual,wework-telaviv,1,1
LABS Tel Aviv,Tel Aviv,Israel,"28 Ben Avigdor St, Tel Aviv 6136902",32.0773,34.7744,https://www.labs.com,+972-3-5555-0200,,Tech-focused coworking in heart of Tel Aviv startup scene,,,,,380,550,1050,ILS,"High-Speed WiFi,Meeting Rooms,Event Space,Mentorship,Rooftop",https://images.unsplash.com/photo-1504384308090-c894fdcc538d,Manual,labs-telaviv,1,1
WeWork Seoul Gangnam,Seoul,South Korea,"152 Teheran-ro, Gangnam-gu, Seoul",37.5004,127.0358,https://www.wework.com,+82-2-5555-0100,,Modern coworking in Seoul's tech and business district,,,,,420,600,1150,KRW,"High-Speed WiFi,Coffee Bar,Meeting Rooms,24/7 Access,Phone Booths,Event Space",https://images.unsplash.com/photo-1497366216548-37526070297c,Manual,wework-seoul-gangnam,1,1
Maru 180,Seoul,South Korea,"180 Seongmisan-ro, Mapo-gu, Seoul",37.5665,126.9201,https://www.maru180.com,+82-2-5555-0200,,Community-driven coworking in creative Hongdae area,,,,,340,490,920,KRW,"High-Speed WiFi,Meeting Rooms,Event Space,Library,Cafe,Rooftop",https://images.unsplash.com/photo-1524758631624-e2822e304c36,Manual,maru180-seoul,1,1
The Hive Hong Kong,Hong Kong,Hong Kong,"33 Hysan Ave, Causeway Bay",22.2794,114.1837,https://thehive.com.hk,+852-5555-0100,,Premium coworking in bustling Causeway Bay,,,,,450,650,1250,HKD,"High-Speed WiFi,Coffee Bar,Meeting Rooms,24/7 Access,Event Space,Lounge Area",https://images.unsplash.com/photo-1497366216548-37526070297c,Manual,hive-hongkong,1,1
Garage Society,Hong Kong,Hong Kong,"Level 9, 8 Hart Avenue, Tsim Sha Tsui",22.2975,114.1718,https://www.garagesociety.com,+852-5555-0200,,Boutique coworking with harbor views in TST,,,,,420,600,1150,HKD,"High-Speed WiFi,Coffee Bar,Meeting Rooms,Event Space,Harbor Views,Terrace",https://images.unsplash.com/photo-1524758631624-e2822e304c36,Manual,garage-hongkong,1,1
91SpringBoard Bangalore,Bangalore,India,"Creaticity Mall, Yemalur, Bangalore 560037",12.9346,77.6907,https://www.91springboard.com,+91-80-5555-0100,,India's largest coworking network in tech capital,,,,,280,420,780,INR,"High-Speed WiFi,Coffee Bar,Meeting Rooms,Event Space,Cafeteria,Gym",https://images.unsplash.com/photo-1497366216548-37526070297c,Manual,91spring-bangalore,1,1
WeWork Bangalore,Bangalore,India,"Salarpuria Symbiosis, Marathahalli, Bangalore",12.9592,77.6992,https://www.wework.com,+91-80-5555-0200,,Global coworking brand in Bangalore's IT corridor,,,,,320,460,880,INR,"High-Speed WiFi,Coffee Bar,Meeting Rooms,24/7 Access,Event Space,Game Room",https://images.unsplash.com/photo-1504384308090-c894fdcc538d,Manual,wework-bangalore,1,1
Cowrks Mumbai,Mumbai,India,"Parel East, Mumbai 400012",19.0113,72.8417,https://www.cowrks.com,+91-22-5555-0100,,Premium coworking in Mumbai's business district,,,,,340,490,920,INR,"High-Speed WiFi,Coffee Bar,Meeting Rooms,Event Space,Wellness Room,Rooftop",https://images.unsplash.com/photo-1524758631624-e2822e304c36,Manual,cowrks-mumbai,1,1
WeWork Mexico City,Mexico City,Mexico,"Montes Urales 424, Miguel Hidalgo, CDMX",19.4270,-99.2015,https://www.wework.com,+52-55-5555-0100,,Modern coworking in upscale Polanco district,,,,,360,520,980,MXN,"High-Speed WiFi,Coffee Bar,Meeting Rooms,24/7 Access,Event Space,Terrace",https://images.unsplash.com/photo-1497366216548-37526070297c,Manual,wework-mexicocity,1,1
Impact Hub CDMX,Mexico City,Mexico,"Medellín 28, Roma Norte, CDMX",19.4136,-99.1680,https://hubcdmx.mx,+52-55-5555-0200,,Social impact coworking in trendy Roma Norte,,,,,300,440,820,MXN,"High-Speed WiFi,Meeting Rooms,Event Space,Community Garden,Kitchen",https://images.unsplash.com/photo-1504384308090-c894fdcc538d,Manual,impacthub-cdmx,1,1
WeWork Sao Paulo,Sao Paulo,Brazil,"Av Faria Lima 3064, Sao Paulo",23.5749,-46.6901,https://www.wework.com,+55-11-5555-0100,,Premium coworking on Sao Paulo's main business avenue,,,,,380,550,1050,BRL,"High-Speed WiFi,Coffee Bar,Meeting Rooms,24/7 Access,Event Space,Lounge Area",https://images.unsplash.com/photo-1497366216548-37526070297c,Manual,wework-saopaulo,1,1
Spaces Faria Lima,Sao Paulo,Brazil,"Av Brigadeiro Faria Lima 1485, Sao Paulo",23.5693,-46.6922,https://www.spacesworks.com,+55-11-5555-0200,,Modern flexible workspace in Jardins,,,,,360,520,980,BRL,"High-Speed WiFi,Coffee Bar,Meeting Rooms,Event Space,Terrace",https://images.unsplash.com/photo-1524758631624-e2822e304c36,Manual,spaces-saopaulo,,1
WeWork Shanghai,Shanghai,China,"1000 Huaihai Middle Rd, Shanghai",31.2165,121.4566,https://www.wework.com,+86-21-5555-0100,,Global coworking in Shanghai's premier shopping district,,,,,420,600,1150,CNY,"High-Speed WiFi,Coffee Bar,Meeting Rooms,24/7 Access,Event Space,City Views",https://images.unsplash.com/photo-1497366216548-37526070297c,Manual,wework-shanghai,1,1
Naked Hub Shanghai,Shanghai,China,"188 Jiangning Rd, Shanghai",31.2429,121.4475,https://www.nakedhub.com,+86-21-5555-0200,,Design-forward coworking with multiple Shanghai locations,,,,,400,580,1100,CNY,"High-Speed WiFi,Coffee Bar,Meeting Rooms,Wellness Room,Event Space,Art Gallery",https://images.unsplash.com/photo-1524758631624-e2822e304c36,Manual,nakedhub-shanghai,1,1
WeWork Beijing,Beijing,China,"85 Jianguo Rd, Chaoyang District, Beijing",39.9075,116.4612,https://www.wework.com,+86-10-5555-0100,,Premium coworking in Beijing's CBD,,,,,410,590,1120,CNY,"High-Speed WiFi,Coffee Bar,Meeting Rooms,24/7 Access,Event Space,Lounge Area",https://images.unsplash.com/photo-1497366216548-37526070297c,Manual,wework-beijing,1,1
Kr Space Beijing,Beijing,China,"Dongdaqiao Rd, Chaoyang, Beijing",39.9142,116.4584,https://www.krspace.cn,+86-10-5555-0200,,Tech startup coworking with VC connections,,,,,380,550,1050,CNY,"High-Speed WiFi,Meeting Rooms,Event Space,Pitch Room,Mentorship",https://images.unsplash.com/photo-1504384308090-c894fdcc538d,Manual,krspace-beijing,1,1
WeWork Manila,Manila,Philippines,"The Infinity Tower, BGC, Metro Manila",14.5515,121.0499,https://www.wework.com,+63-2-5555-0100,,Modern coworking in Bonifacio Global City,,,,,320,460,880,PHP,"High-Speed WiFi,Coffee Bar,Meeting Rooms,24/7 Access,Event Space",https://images.unsplash.com/photo-1497366216548-37526070297c,Manual,wework-manila,1,1
ASPACE Manila,Manila,Philippines,"Felcris Centrale, BGC, Metro Manila",14.5529,121.0485,https://www.aspace.com.ph,+63-2-5555-0200,,Local coworking brand with Filipino hospitality,,,,,280,420,780,PHP,"High-Speed WiFi,Meeting Rooms,Event Space,Cafe,Lounge Area",https://images.unsplash.com/photo-1524758631624-e2822e304c36,Manual,aspace-manila,,1
WeWork Bangkok,Bangkok,Thailand,"87 Wireless Rd, Lumpini, Bangkok",13.7428,100.5481,https://www.wework.com,+66-2-555-0100,,Premium coworking in Bangkok's business district,,,,,350,500,950,THB,"High-Speed WiFi,Coffee Bar,Meeting Rooms,24/7 Access,Event Space,Wellness Room",https://images.unsplash.com/photo-1497366216548-37526070297c,Manual,wework-bangkok,1,1
Hubba Thailand,Bangkok,Thailand,"Sukhumvit 71, Phra Khanong Nuea, Bangkok",13.7252,100.5901,https://hubbathailand.com,+66-2-555-0200,,Vibrant startup community and coworking in Thonglor,,,,,300,440,820,THB,"High-Speed WiFi,Meeting Rooms,Event Space,Cafe,Outdoor Space",https://images.unsplash.com/photo-1524758631624-e2822e304c36,Manual,hubba-bangkok,1,1
Fishburners Brisbane,Brisbane,Australia,"Level 2, 315 Brunswick St, Fortitude Valley",27.4560,153.0334,https://fishburners.org,+61-7-5555-0100,,Queensland's leading startup hub in Fortitude Valley,,,,,340,490,920,AUD,"High-Speed WiFi,Coffee Bar,Meeting Rooms,Event Space,Mentorship",https://images.unsplash.com/photo-1497366216548-37526070297c,Manual,fishburners-brisbane,1,1
WeWork Melbourne,Melbourne,Australia,"699 Bourke St, Melbourne VIC 3000",-37.8154,144.9572,https://www.wework.com,+61-3-5555-0100,,Modern coworking in Melbourne's Docklands precinct,,,,,400,580,1100,AUD,"High-Speed WiFi,Coffee Bar,Meeting Rooms,24/7 Access,Event Space,Harbor Views",https://images.unsplash.com/photo-1504384308090-c894fdcc538d,Manual,wework-melbourne,1,1
WeWork Montreal,Montreal,Canada,"1 Westmount Square, Montreal, QC H3Z 2P9",45.4887,-73.5943,https://www.wework.com,+1-514-555-0100,,"Bilingual coworking community in Westmount Square",,,,,360,520,980,CAD,"High-Speed WiFi,Coffee Bar,Meeting Rooms,Event Space,Lounge Area",https://images.unsplash.com/photo-1497366216548-37526070297c,Manual,wework-montreal,,1
Crew Collective,Montreal,Canada,"360 Saint-Jacques St, Montreal, QC H2Y 1P5",45.5011,-73.5567,https://www.crewcollective.com,+1-514-555-0200,,Stunning coworking in historic bank building,,,,,380,550,1050,CAD,"High-Speed WiFi,Cafe,Meeting Rooms,Event Space,Historic Architecture",https://images.unsplash.com/photo-1524758631624-e2822e304c36,Manual,crew-montreal,1,1
WeWork Vancouver,Vancouver,Canada,"505 Burrard St, Vancouver, BC V7X 1M3",49.2829,-123.1188,https://www.wework.com,+1-604-555-0100,,Downtown coworking with mountain and ocean views,,,,,420,600,1150,CAD,"High-Speed WiFi,Coffee Bar,Meeting Rooms,24/7 Access,Mountain Views,Event Space",https://images.unsplash.com/photo-1497366216548-37526070297c,Manual,wework-vancouver,1,1
The Network Hub,Vancouver,Canada,"128 W Hastings St, Vancouver, BC V6B 1G8",49.2826,-123.1089,https://www.thenetworkhub.ca,+1-604-555-0200,,Community-focused coworking in Gastown,,,,,360,520,980,CAD,"High-Speed WiFi,Meeting Rooms,Event Space,Lounge Area,Kitchen",https://images.unsplash.com/photo-1497366811353-6870744d04b2,Manual,networkhub-vancouver,,1
